id;ex1_try1;ex1_try2;ex1_try3;ex2_try1;ex2_try2;ex2_try3;ex3_try1;ex3_try2;ex3_try3;ex4_try1;ex4_try2;ex4_try3;ex5_try1;ex5_try2;ex5_try3
1;5.244627;5.982488;10.80517;39.82682;21.81916;8.71309;18.89748;26.40273;10.77848;15.21448;11.06717;20.24682;15.02153;14.38284;13.74399;
2;4.854082;3.795236;3.698476;6.254474;7.653832;8.490229;10.00918;8.983233;8.56082;3.876555;3.954602;5.361079;7.605688;7.086575;7.882326;
