id;avg1;video1;avg2;video2;avg3;video3;avg4;video4;avg5;video5
5;6.458596;71.09291;10.80876;56.8965;13.69327;44.21651;8.657323;68.44926;25.39301;76.98724;