id;avg1;video1;avg2;video2;avg3;video3;avg4;video4;avg5;video5
9;3.666257;109.8051;7.095803;61.55143;9.606894;24.82222;15.13877;24.39248;11.60375;41.74474;