id;avg1;video1;avg2;video2;avg3;video3;avg4;video4;avg5;video5
16;8.041478;127.2023;7.061111;75.21217;9.561478;79.851;9.483858;43.49746;15.54063;72.17569;