id;avg1;video1;avg2;video2;avg3;video3;avg4;video4;avg5;video5
4;6.890764;86.4013;7.988678;28.45785;8.769996;80.58796;11.84731;25.6925;19.69766;75.53587;