id;avg1;video1;avg2;video2;avg3;video3;avg4;video4;avg5;video5
6;2.916899;93.10394;8.867107;104.4917;10.85073;39.75774;9.531551;70.92238;9.605178;55.57098;