id;avg1;video1;avg2;video2;avg3;video3;avg4;video4;avg5;video5
12;5.616513;95.3746;11.30378;52.93087;10.99185;29.00054;5.398983;21.31815;27.32302;34.62254;