id;avg1;video1;avg2;video2;avg3;video3;avg4;video4;avg5;video5
7;4.334829;141.8082;10.218;42.11741;8.501442;54.69518;7.59593;51.65562;8.290502;68.86027;