id;avg1;video1;avg2;video2;avg3;video3;avg4;video4;avg5;video5
1;7.344095;166.1968;23.45302;97.28951;18.6929;91.58791;15.50949;63.4557;14.38278;64.40438;