id;avg1;video1;avg2;video2;avg3;video3;avg4;video4;avg5;video5
18;6.813196;53.2569;11.29246;18.38555;9.436719;61.12508;5.576268;44.57775;11.36482;25.14096;