id;avg1;video1;avg2;video2;avg3;video3;avg4;video4;avg5;video5
10;2.831561;100.4137;7.864754;103.0833;7.695708;43.56993;5.349794;43.73082;16.43104;28.24169;