id;avg1;video1;avg2;video2;avg3;video3;avg4;video4;avg5;video5
17;4.197358;175.4689;6.967643;94.45255;12.41939;57.78137;4.76426;93.40679;10.74703;43.65112;