id;avg1;video1;avg2;video2;avg3;video3;avg4;video4;avg5;video5
15;3.287263;95.71387;10.68816;76.54932;19.76968;54.50418;5.191243;69.73633;16.40324;71.65701;