id;avg1;video1;avg2;video2;avg3;video3;avg4;video4;avg5;video5
8;7.572882;148.6565;13.51564;93.93906;14.07774;113.7696;6.770883;107.4301;23.29749;59.422;