id;avg1;video1;avg2;video2;avg3;video3;avg4;video4;avg5;video5
2;4.115932;265.1775;7.466178;41.16569;9.184412;191.1345;4.397412;17.59627;7.524863;24.07238;