id;avg1;video1;avg2;video2;avg3;video3;avg4;video4;avg5;video5
13;6.549186;48.16973;10.16305;29.67092;9.791877;80.81692;4.787971;40.15768;11.94305;48.42891;