id;avg1;video1;avg2;video2;avg3;video3;avg4;video4;avg5;video5
11;6.249162;117.4484;10.48198;49.76839;9.016964;40.9371;5.751864;51.69592;7.041094;75.85769;