id;avg1;video1;avg2;video2;avg3;video3;avg4;video4;avg5;video5
14;4.731681;67.93868;7.801804;60.83023;11.02874;40.47402;2.130456;53.40872;12.3365;41.15546;