id;avg1;video1;avg2;video2;avg3;video3;avg4;video4;avg5;video5
3;4.886438;103.7763;6.095446;41.20498;11.64635;65.19897;4.027603;49.3395;9.782353;71.45309;